Season,T,RH
Summer,19.82717378,62.0896698
Autumn,15.5451646,65.9290558
Winter,10.77944063,72.42735643
Spring,16.23352994,60.71271202
